自治体コード,自治体名,種別,文書タイトル,登録件数,Googleマイマップ,元データ日付,実行日,文書リンク,ファイル形式,元HP,メモ,シート指定,リンク文字,絞り込み,追加情報文字,列名指定,まとめ取得,ZIP内ファイル
131016_民,千代田区,民泊,千代田区　住宅宿泊事業　届出住宅一覧,56,https://www.google.com/maps/d/u/0/edit?mid=1HhUg1wxGvPTEjeMCl4TOa_Cg6HEeZa8&usp=sharing,2026/08/31,2026/09/30,https://www.city.chiyoda.lg.jp/documents/17408/r808ichiran.pdf,pdf,https://www.city.chiyoda.lg.jp/koho/kurashi/jutakushukuhakujigyo/todokedejutakuichiran.html,,,届出住宅一覧,,,,,
131016_旅,千代田区,旅館業,千代田区内の環境衛生営業施設一覧,173,https://www.google.com/maps/d/u/0/edit?mid=1HhUg1wxGvPTEjeMCl4TOa_Cg6HEeZa8&usp=sharing,,2026/09/30,https://www.city.chiyoda.lg.jp/documents/4950/r808ryokangyo.pdf,pdf,https://www.city.chiyoda.lg.jp/koho/kurashi/kankyoese/egyo/shisetsu.html,,,旅館業,,,,,
131024_民,中央区,民泊,住宅宿泊事業　届出住宅一覧,107,https://www.google.com/maps/d/u/0/edit?mid=1-T-2GYutVr3hDYluAS4dOB4gmvvsgDs&usp=sharing,2026/06/26,2026/09/30,https://www.city.chuo.lg.jp/documents/3395/20260717minpaku.pdf,pdf,https://www.city.chuo.lg.jp/a0030/kenkouiryou/eisei/seikatsueisei/minpaku/todokedejyuutakukouhyou.html,,,住宅宿泊事業の届出住宅一覧,,,,,
131024_旅,中央区,旅館業,環境衛生営業施設一覧,250,https://www.google.com/maps/d/u/0/edit?mid=1-T-2GYutVr3hDYluAS4dOB4gmvvsgDs&usp=sharing,,2026/09/30,https://www.city.chuo.lg.jp/documents/5654/260831ryokan.xlsx,xlsx,https://www.city.chuo.lg.jp/a0030/kenkouiryou/eisei/kankyoueisei/kankyoueiseisisetsuichiran.html,,,旅館業,,,,,
131032_民,港区,民泊,【港区】住宅宿泊事業　届出情報一覧,905,https://www.google.com/maps/d/u/0/edit?mid=1WfXbdPpUK8i7B8Ucii6x_ap0ssAnI9s&usp=sharing,2026/07/31,2026/09/30,https://www.city.minato.tokyo.jp/documents/84144/2026091402.pdf,pdf,https://www.city.minato.tokyo.jp/jutakushukuhakutan/minpakuichiran20180614.html,,,港区内の住宅宿泊事業届出情報公表一覧【届出番号順】,,,,,
131032_旅,港区,旅館業,旅館業施設一覧,605,https://www.google.com/maps/d/u/0/edit?mid=1WfXbdPpUK8i7B8Ucii6x_ap0ssAnI9s&usp=sharing,,2026/09/30,https://opendata.city.minato.tokyo.jp/dataset/6adb6ec4-6cf8-4d4c-b68a-96c095728b0b/resource/71b05077-1f8c-459e-a17a-3789273bca08/download/ryokan.csv,csv,https://catalog.data.metro.tokyo.lg.jp/dataset/t131032d0000000235,,,,,,,,
131041_民,新宿区,民泊,住宅宿泊事業　届出住宅一覧,3928,https://www.google.com/maps/d/u/0/edit?mid=1nfRCGm7l0418GtpDjwSWdKazZ9-J3_E&usp=sharing,,2026/09/30,https://www.city.shinjuku.lg.jp/content/000454692.pdf,pdf,https://www.city.shinjuku.lg.jp/kenkou/eisei03_002094.html,,,住宅宿泊事業届出住宅一覧,,,,,
131041_旅,新宿区,旅館業,施設名簿（理容所・美容所・クリーニング所・旅館業）情報公開リスト,716,https://www.google.com/maps/d/u/0/edit?mid=1nfRCGm7l0418GtpDjwSWdKazZ9-J3_E&usp=sharing,,2026/09/30,https://www.city.shinjuku.lg.jp/content/000452996.pdf,pdf,https://www.city.shinjuku.lg.jp/kenkou/eisei03_002069.html,,,^旅館業【,,^旅館業\d+月分新規,"No,施設名称,施設所在地,施設TEL,営業者名,代表者名,営業者住所,種別,許可日,許可番号,備考",,
131059_民,文京区,民泊,文京区　住宅宿泊事業届出住宅,333,https://www.google.com/maps/d/u/0/edit?mid=1kmwmsQ3_RL8gbRhESp6msHRzvhBO2jc&usp=sharing,2026/08/31,2026/09/30,https://www.city.bunkyo.lg.jp/documents/3037/itiran20260831nengappi.pdf,pdf,https://www.city.bunkyo.lg.jp/b026/p003112/index.html,,,文京区内の住宅宿泊事業の届出住宅一覧（届出年月日順）,,,,,
131059_旅,文京区,旅館業,環境衛生営業施設一覧（令和8年3月末日時点）,67,https://www.google.com/maps/d/u/0/edit?mid=1kmwmsQ3_RL8gbRhESp6msHRzvhBO2jc&usp=sharing,,2026/09/30,https://www.city.bunkyo.lg.jp/documents/2764/2608_ryokangyou.xlsx,xlsx,https://www.city.bunkyo.lg.jp/b026/p002833.html,,,旅館業,,,,,
131067_民,台東区,民泊,【台東区】住宅宿泊事業　届出情報一覧,1488,https://www.google.com/maps/d/u/0/edit?mid=1ZINGxem4IZ2968ITAB9VVCfu1tPsI9Y&usp=sharing,2026/08/31,2026/09/30,https://www.city.taito.lg.jp/kenchiku/jutaku/eisei/shisetsuichiran.files/20260831.pdf,pdf,https://www.city.taito.lg.jp/kenchiku/jutaku/eisei/shisetsuichiran.html,,,住宅宿泊事業の届出住宅一覧,,,,,
131067_旅,台東区,旅館業,,1119,https://www.google.com/maps/d/u/0/edit?mid=1ZINGxem4IZ2968ITAB9VVCfu1tPsI9Y&usp=sharing,,2026/09/30,https://www.city.taito.lg.jp/kenchiku/jutaku/eisei/shisetsuichiran.files/202603ryokan_all.csv,csv,https://www.city.taito.lg.jp/kenchiku/jutaku/eisei/shisetsuichiran.html,,,旅館業施設一覧（令和,,旅館業施設一覧（\d+月追加情報）,,,
131075_民,墨田区,民泊,住宅宿泊事業届出施設の一覧（令和8年3月1日現在）（PDF：127KB）,2285,https://www.google.com/maps/d/u/0/edit?mid=1ZINGxem4IZ2968ITAB9VVCfu1tPsI9Y&usp=sharing,2026/03/01,2026/09/30,https://www.city.sumida.lg.jp/kenko_fukushi/eisei/kankyo_eisei/taa0200020220216.files/jj080916.pdf,pdf,https://www.city.sumida.lg.jp/kenko_fukushi/eisei/kankyo_eisei/taa0200020220216.html,,,住宅宿泊事業届出施設の一覧,,,,,
131075_旅,墨田区,旅館業,施設一覧（令和8年4月1日現在）（エクセル：139KB）,1136,https://www.google.com/maps/d/u/0/edit?mid=1ZINGxem4IZ2968ITAB9VVCfu1tPsI9Y&usp=sharing,2026/04/01,2026/09/30,https://www.city.sumida.lg.jp/kenko_fukushi/eisei/kankyo_eisei/taa0200020220216.files/kk080413.xlsx,xlsx,https://www.city.sumida.lg.jp/kenko_fukushi/eisei/kankyo_eisei/taa0200020220216.html,,,^施設一覧,,^令和\d+年\d+月分,,,
131083_民,江東区,民泊,住宅宿泊事業届出施設一覧,48,https://www.google.com/maps/d/u/0/edit?mid=1Eo26JJMAn5nqxoSYY9vGDKuLWI1R6Oc&usp=sharing,2026/08/31,2026/09/30,https://www.city.koto.lg.jp/260403/fukushi/ese/kankyo/documents/202608minpakua_list.pdf,pdf,https://www.city.koto.lg.jp/260403/fukushi/ese/kankyo/minpaku_index.html,,,住宅宿泊事業届出施設一覧,,,,,
131083_旅,江東区,旅館業,旅館業許可施設一覧,370,https://www.google.com/maps/d/u/0/edit?mid=1Eo26JJMAn5nqxoSYY9vGDKuLWI1R6Oc&usp=sharing,2026/08/31,2026/09/30,https://www.city.koto.lg.jp/260403/fukushi/ese/kankyo/documents/202608_ryokan_list.pdf,pdf,https://www.city.koto.lg.jp/260403/fukushi/ese/kankyo/ryokan_index.html,,,旅館業許可施設一覧,,,,,
131091_民,品川区,民泊,【品川区】住宅宿泊事業 届出住宅一覧 （令和８年３月１５日現在）,264,https://www.google.com/maps/d/u/0/edit?mid=1geOKFquxrJL76x5mWpwqtfvPbr4kCf0&usp=sharing,2026/09/15,2026/09/30,https://www.city.shinagawa.tokyo.jp/ct/pdf/hpg000033251_241.pdf,pdf,https://www.city.shinagawa.tokyo.jp/PC/kenkou/kenkou-eisei/kenkou-eisei-kankyo/hpg000033251.html,,,届出情報一覧,,,,,
131091_旅,品川区,旅館業,旅館業一覧,250,https://www.google.com/maps/d/u/0/edit?mid=1geOKFquxrJL76x5mWpwqtfvPbr4kCf0&usp=sharing,,2026/09/30,https://www.city.shinagawa.tokyo.jp/ct/other/20251210150540_3.csv,csv,,,,,,,,,
131105_民,目黒区,民泊,目黒区　住宅宿泊事業　届出情報一覧　(令和8年3月31日現在),24,https://www.google.com/maps/d/u/0/edit?mid=1-K6oixKVZjygzj_34Sz1SPqsh9DbKqk&usp=sharing,2026/03/31,2026/09/30,https://www.city.meguro.tokyo.jp/documents/3159/jyuutakusyukuhaku-r8831-.docx,docx,https://www.city.meguro.tokyo.jp/kurashi/hoken_eisei/eisei/minpaku/minpakujissi/etsuran.html,,,届出施設の一覧,,,,,
131105_旅,目黒区,旅館業,旅館業　令和８年３月３１日現在,94,https://www.google.com/maps/d/u/0/edit?mid=1-K6oixKVZjygzj_34Sz1SPqsh9DbKqk&usp=sharing,2026/03/31,2026/09/30,https://data.bodik.jp/dataset/800b5b11-f0ad-42e1-92d0-e05ca81bf2be/resource/12b6d43c-cb1e-4dcb-97ff-a85fb0905a5e/download/131105_ryokan_20260331.csv,csv,https://data.bodik.jp/dataset/131105_ryokan,オープンデータ(bodik)。基準日スナップショット+月次の新規/承継/廃止の差分ファイルが別途あり。将来的には差分ファイルも合算するとより正確,,^旅館業\s*令和,,新規施設一覧|廃止施設一覧,,,
131113_民,大田区,民泊,大田区住宅宿泊事業届出施設一覧,257,https://www.google.com/maps/d/u/0/edit?mid=1y5qCCQbujmTgatn5fVKFgJQPBzVGa5Q&usp=sharing,,2026/09/30,https://www.city.ota.tokyo.jp/seikatsu/hoken/minpaku/minpaku.files/0916todokede.pdf,pdf,https://www.city.ota.tokyo.jp/seikatsu/hoken/minpaku/minpaku.html,,,住宅宿泊事業届出施設一覧,,,,,
131113_民特,大田区,民泊,大田区国家戦略特別区域外国人滞在施設経営事業（特区民泊）　認定施設一覧,511,https://www.google.com/maps/d/u/0/edit?mid=1y5qCCQbujmTgatn5fVKFgJQPBzVGa5Q&usp=sharing,2026/09/16,2026/09/30,https://www.city.ota.tokyo.jp/seikatsu/hoken/minpaku/minpaku.files/0916nintei.pdf,pdf,https://www.city.ota.tokyo.jp/seikatsu/hoken/minpaku/minpaku.html,,,特区民泊認定施設一覧,,,,,
131113_旅,大田区,旅館業,大田区旅館業許可施設一覧,186,https://www.google.com/maps/d/u/0/edit?mid=1y5qCCQbujmTgatn5fVKFgJQPBzVGa5Q&usp=sharing,2026/09/16,2026/09/30,https://www.city.ota.tokyo.jp/seikatsu/hoken/minpaku/minpaku.files/0916kyoka.pdf,pdf,https://www.city.ota.tokyo.jp/seikatsu/hoken/minpaku/minpaku.html,,,旅館業許可施設一覧,,,,,
131121_民,世田谷区,民泊,令和8年2月28日時点届出情報一覧（エクセル：35KB）,555,https://www.google.com/maps/d/u/0/edit?mid=1apEtKV6ANaOXishSWYJKgd_bFJELfg4&usp=sharing,2026/02/28,2026/09/30,https://www.city.setagaya.lg.jp/documents/3248/0831.xlsx,xlsx,https://www.city.setagaya.lg.jp/02245/3248.html,,,届出情報一覧,,,,,
131121_旅,世田谷区,旅館業,全施設一覧（廃止施設を除く）旅館業,347,https://www.google.com/maps/d/u/0/edit?mid=1apEtKV6ANaOXishSWYJKgd_bFJELfg4&usp=sharing,2026/03/31,2026/09/30,https://www.city.setagaya.lg.jp/documents/3224/ryokangyou.xlsx,xlsx,https://www.city.setagaya.lg.jp/02245/3224.html,,,旅館業一覧,,,,,
131130_民,渋谷区,民泊,住宅宿泊事業届出住宅（届出状況）,1870,https://www.google.com/maps/d/u/0/edit?mid=198CHR_ovIPQZV5D1MFr2HaqXejzLyRA&usp=sharing,,2026/09/30,https://files.city.shibuya.tokyo.jp/assets/12995aba8b194961be709ba879857f70/01f647cd9e6d4505856f36f1b14919bf/minpaku_list_minpaku.pdf,pdf,https://www.city.shibuya.tokyo.jp/kenko/eisei/kankyo/minpaku.html,,,届出住宅の一覧,,,,,
131130_旅,渋谷区,旅館業,令和7年度 環境衛生営業施設リスト（新規）＿許可・確認日順（令和8年3月31日現在）,811,https://www.google.com/maps/d/u/0/edit?mid=198CHR_ovIPQZV5D1MFr2HaqXejzLyRA&usp=sharing,2026/08/31,2026/09/30,https://files.city.shibuya.tokyo.jp/assets/12995aba8b194961be709ba879857f70/fe36a089e0ea4443821804f07a8f0256/minpaku_list_ryokan.pdf,pdf,https://www.city.shibuya.tokyo.jp/kenko/eisei/kankyo/minpaku.html,,,旅館業の許可施設の一覧,,,,,
131148_民,中野区,民泊,中野区　住宅宿泊事業届出住宅,497,https://www.google.com/maps/d/u/0/edit?mid=1tneTgBhF3jZBhTq20ApUUmSvCgYv9_w&usp=sharing,,2026/09/30,https://www.city.tokyo-nakano.lg.jp/kenko_hukushi/pet-eisei/kankyoueisei/jyutakusyukuhaku.files/R8.09itirann.pdf,pdf,https://www.city.tokyo-nakano.lg.jp/kenko_hukushi/pet-eisei/kankyoueisei/jyutakusyukuhaku.html,,,届出一覧表,,,,,
131148_旅,中野区,旅館業,生活衛生施設マップ,309,https://www.google.com/maps/d/u/0/edit?mid=1tneTgBhF3jZBhTq20ApUUmSvCgYv9_w&usp=sharing,,2026/09/30,https://www2.wagmap.jp/nakanodatamap/nakanodatamap/opendatafile/map_44/CSV/opendata_5000793.csv,csv,https://www2.wagmap.jp/nakanodatamap/OpenData?mids=44&pno=1,中野区オープンデータ「環境衛生施設」(理容・美容・クリーニング等も含むため業種で絞り込み),,,業種=旅館業,,,,
131156_民,杉並区,民泊,杉並区住宅宿泊事業　届出住宅に関する情報,439,https://www.google.com/maps/d/u/0/edit?mid=1XUx4W-m2-ru5vegFUCLYCuN0vLuJNjs&usp=sharing,,2026/09/30,https://www.city.suginami.tokyo.jp/documents/871/todokede.pdf,pdf,https://www.city.suginami.tokyo.jp/s046/871.html,,,杉並区住宅宿泊事業 届出住宅に関する情報,,,,,
131156_旅,杉並区,旅館業,杉並区旅館業営業許可台帳一覧（令和８年３月末現在）,174,https://www.google.com/maps/d/u/0/edit?mid=1XUx4W-m2-ru5vegFUCLYCuN0vLuJNjs&usp=sharing,,2026/09/30,https://www.city.suginami.tokyo.jp/documents/870/ryokan202608.pdf,pdf,https://www.city.suginami.tokyo.jp/s046/870.html,,,杉並区旅館業営業許可施設一覧,,,,,
131164_民,豊島区,民泊,豊島区における住宅宿泊事業　届出住宅一覧,1827,https://www.google.com/maps/d/u/0/edit?mid=1L08Y1gEBzYRPNMTX8k75ne3FJGJSnhE&usp=sharing,2026/07/15,2026/09/30,https://www.city.toshima.lg.jp/documents/21284/todokedezumi-r80715.pdf,pdf,https://www.city.toshima.lg.jp/214/kurashi/ese/kankyoese/minpaku.html,,,届出住宅一覧,,,,,
131164_旅,豊島区,旅館業,旅館業法許可施設一覧（令和8年3月31日現在）（PDF：657KB）,984,https://www.google.com/maps/d/u/0/edit?mid=1L08Y1gEBzYRPNMTX8k75ne3FJGJSnhE&usp=sharing,2026/03/31,2026/09/30,https://www.city.toshima.lg.jp/documents/21284/r80831_ryokanlist.pdf,pdf,https://www.city.toshima.lg.jp/214/kurashi/ese/kankyoese/minpaku.html,,,旅館業法許可施設一覧,,,,,
131172_民,北区,民泊,東京都北区　住宅宿泊事業届出受理施設,612,https://www.google.com/maps/d/u/0/edit?mid=10zFmnU9G6hr6OpqBi43yMugdFi2LeZU&usp=sharing,2026/08/31,2026/09/30,https://www.city.kita.lg.jp/_res/projects/default_project/_page_/001/008/993/zyuusyuku0808.pdf,pdf,https://www.city.kita.lg.jp/socialcare-health/hygiene/1008979/1008993.html,,,^住宅宿泊事業,,,,,
131172_旅,北区,旅館業,営業六法等施設一覧,295,https://www.google.com/maps/d/u/0/edit?mid=10zFmnU9G6hr6OpqBi43yMugdFi2LeZU&usp=sharing,2026/08/31,2026/09/30,https://www.city.kita.lg.jp/_res/projects/default_project/_page_/001/008/993/ryokan0808.pdf,pdf,https://www.city.kita.lg.jp/socialcare-health/hygiene/1008979/1008993.html,,,^旅館業,,,,,
131181_民,荒川区,民泊,住宅宿泊事業施設リスト,12,https://www.google.com/maps/d/u/0/edit?mid=1QNi14dHEuIC1k8k_tCJHOG6AQ79wFP8&usp=sharing,,2026/09/30,https://www.city.arakawa.tokyo.jp/documents/21504/r080915_jutakushukuhakujigyo.xlsx,xlsx,https://www.city.arakawa.tokyo.jp/a032/jigyousha/toroku/kankyoeiseieigyoshisetsu_list.html,,,住宅宿泊事業,,,,,
131181_旅,荒川区,旅館業,環境衛生営業施設リスト,98,https://www.google.com/maps/d/u/0/edit?mid=1QNi14dHEuIC1k8k_tCJHOG6AQ79wFP8&usp=sharing,,2026/09/30,https://www.city.arakawa.tokyo.jp/documents/21504/r080915_ryokangyo.xlsx,xlsx,https://www.city.arakawa.tokyo.jp/a032/jigyousha/toroku/kankyoeiseieigyoshisetsu_list.html,,,旅館業,,,,,
131199_民,板橋区,民泊,住宅宿泊事業者一覧（令和8年2月28日現在） （Excel 27.6KB）,449,https://www.google.com/maps/d/u/0/edit?mid=1tyrm9-pQjl22DrKto1qQUi_MGMAN85I&usp=sharing,2026/08/31,2026/09/30,https://www.city.itabashi.tokyo.jp/_res/projects/default_project/_page_/001/003/881/20260831minapaku.xlsx,xlsx,https://www.city.itabashi.tokyo.jp/kenko/eisei/kankyo/ryokan/1003881.html,,,住宅宿泊事業者一覧,,,,,
131199_旅,板橋区,旅館業,環境衛生営業施設一覧（令和8年3月31日現在） （Excel 122.7KB）,191,https://www.google.com/maps/d/u/0/edit?mid=1tyrm9-pQjl22DrKto1qQUi_MGMAN85I&usp=sharing,2026/03/31,2026/09/30,https://www.city.itabashi.tokyo.jp/_res/projects/default_project/_page_/001/051/271/20260831opendate.xlsx,xlsx,https://www.city.itabashi.tokyo.jp/kenko/eisei/kankyo/1051271.html,,"旅館ホテル,簡易宿所",環境衛生営業施設一覧,,,,,
131202_民,練馬区,民泊,練馬区内の住宅宿泊事業の届出住宅一覧（令和8年3月6日現在）,113,https://www.google.com/maps/d/u/0/edit?mid=1ngWfFf_HJrCdIZCDhtCMKWfGaqDqNaA&usp=sharing,2026/09/25,2026/09/30,https://www.city.nerima.tokyo.jp/hokenfukushi/eisei/minpaku/minnpaku.files/20260925.pdf,pdf,https://www.city.nerima.tokyo.jp/hokenfukushi/eisei/minpaku/minnpaku.html,,,届出住宅一覧,,,,,
131202_旅,練馬区,旅館業,旅館業施設一覧（令和8年3月13日現在）（Excel：119KB）,22,https://www.google.com/maps/d/u/0/edit?mid=1ngWfFf_HJrCdIZCDhtCMKWfGaqDqNaA&usp=sharing,2026/08/14,2026/09/30,https://www.city.nerima.tokyo.jp/hokenfukushi/eisei/kankyoeisei/hotel.files/20260814ryokan.pdf,pdf,https://www.city.nerima.tokyo.jp/hokenfukushi/eisei/kankyoeisei/hotel.html,,,旅館業施設一覧,,,,,
131211_民,足立区,民泊,住宅宿泊事業者　届出情報一覧,293,https://www.google.com/maps/d/u/0/edit?mid=1WLyxSRvtI6-dRIHXw8PUd_MDVrrqqww&usp=sharing,2026/08/31,2026/09/30,https://www.city.adachi.tokyo.jp/documents/43457/jyutakusyukuhakujigyou.pdf,pdf,https://www.city.adachi.tokyo.jp/sekatsuese/todokedejyouhoukoramu.html,,,住宅宿泊事業者の届出情報,,,,,
131211_旅,足立区,旅館業,非公開,,,,2026/09/30,,,,行政サイトで非公開。直接ダウンロードできる一覧なし,,,,,,,
131229_民,葛飾区,民泊,住宅宿泊事業施設一覧（令和8年2月28日時点）,370,https://www.google.com/maps/d/u/0/edit?mid=1gzU-e-kyvOYaTQjDBBRWdWwAO2TZ4L0&usp=sharing,2026/08/31,2026/09/30,https://www.city.katsushika.lg.jp/_res/projects/default_project/_page_/001/026/096/minpaku-r8.9.3.pdf,pdf,https://www.city.katsushika.lg.jp/online/1007359/1030292/1007374/1007411/1026096.html,,,住宅宿泊事業一覧表,,,,,
131229_旅,葛飾区,旅館業,旅館業一覧表（令和8年3月31日時点） （PDF 401.5KB）,732,https://www.google.com/maps/d/u/0/edit?mid=1gzU-e-kyvOYaTQjDBBRWdWwAO2TZ4L0&usp=sharing,2026/08/31,2026/09/30,https://www.city.katsushika.lg.jp/_res/projects/default_project/_page_/001/026/096/ryokan-9.3.pdf,pdf,https://www.city.katsushika.lg.jp/online/1007359/1030292/1007374/1007411/1026096.html,,,旅館業一覧表,,,,,
131237_民,江戸川区,民泊,住宅宿泊事業施設一覧（エクセル：33KB）,552,https://www.google.com/maps/d/u/0/edit?mid=1-pxwp3agJqQOkWd0PQuPx76tF9jnrHs&usp=sharing,,2026/09/30,https://www.city.edogawa.tokyo.jp/documents/51159/r0808_mimpaku_ichiran.xlsx,xlsx,https://www.city.edogawa.tokyo.jp/e055/kenko/eisei/kankyo/open_data.html,,,住宅宿泊事業施設一覧,,,,,
131237_旅,江戸川区,旅館業,旅館業施設一覧（エクセル：22KB）,141,https://www.google.com/maps/d/u/0/edit?mid=1-pxwp3agJqQOkWd0PQuPx76tF9jnrHs&usp=sharing,,2026/09/30,https://www.city.edogawa.tokyo.jp/documents/51159/r0808_ryokan_ichiran.xlsx,xlsx,https://www.city.edogawa.tokyo.jp/e055/kenko/eisei/kankyo/open_data.html,,,旅館業施設一覧,,,,,
27000_民,大阪府,民泊,住宅宿泊事業届出住宅一覧,236,https://www.google.com/maps/d/u/0/edit?mid=1YOxdH5bscvyQQLpBlOP15a8-e1ED0HI&ll=34.65708550535115%2C135.5309141158515&z=14,2026/07/31,2026/09/30,https://www.pref.osaka.lg.jp/documents/34854/jyuhaku080731.xlsx,xlsx,https://www.pref.osaka.lg.jp/o100090/kankyoeisei/minnpaku/index.html,大阪市・堺市・東大阪市・高槻市・豊中市・枚方市・八尾市・寝屋川市・吹田市を除く区域,,届出住宅一覧,,,,,
27000_民特,大阪府,民泊,特定認定施設一覧(特区民泊),142,https://www.google.com/maps/d/u/0/edit?mid=1YOxdH5bscvyQQLpBlOP15a8-e1ED0HI&ll=34.65708550535115%2C135.5309141158515&z=14,2026/07/31,2026/09/30,https://www.pref.osaka.lg.jp/documents/34853/tokku080731.xlsx,xlsx,https://www.pref.osaka.lg.jp/o100090/kankyoeisei/minpaku/index.html,国家戦略特別区域外国人滞在施設経営事業(特区民泊)の認定施設一覧,,特定認定施設一覧,,,,,
27000_旅,大阪府,旅館業,,428,https://www.google.com/maps/d/u/0/edit?mid=1YOxdH5bscvyQQLpBlOP15a8-e1ED0HI&ll=34.65708550535115%2C135.5309141158515&z=14,2026/07/31,2026/09/30,https://www.pref.osaka.lg.jp/documents/34855/ryokan080731.xlsx,xlsx,https://www.pref.osaka.lg.jp/o100090/kankyoeisei/minpaku-service/index.html,,,旅館業法に基づく営業許可施設一覧,,,,,
271004_民,大阪市,民泊,住宅宿泊事業法に基づく届出施設一覧,2212,https://www.google.com/maps/d/u/0/edit?mid=1YOxdH5bscvyQQLpBlOP15a8-e1ED0HI&ll=34.65708550535115%2C135.5309141158515&z=14,,2026/09/30,https://www.city.osaka.lg.jp/kenko/cmsfiles/contents/0000382/382418/20260531_shinpou.csv,csv,https://www.city.osaka.lg.jp/kenko/page/0000382418.html,,,^住宅宿泊事業法に基づく届出施設一覧,,,,,
271004_旅,大阪市,旅館業,旅館業施設一覧,1861,https://www.google.com/maps/d/u/0/edit?mid=1YOxdH5bscvyQQLpBlOP15a8-e1ED0HI&ll=34.65708550535115%2C135.5309141158515&z=14,,2026/09/30,https://www.city.osaka.lg.jp/kenko/cmsfiles/contents/0000382/382418/20260531ryokan.csv,csv,https://www.city.osaka.lg.jp/kenko/page/0000382418.html,,,^旅館業施設一覧,,,,,
271004_民特,大阪市,民泊,特区民泊施設一覧,8887,https://www.google.com/maps/d/u/0/edit?mid=1YOxdH5bscvyQQLpBlOP15a8-e1ED0HI&ll=34.65708550535115%2C135.5309141158515&z=14,,2026/09/30,https://www.city.osaka.lg.jp/kenko/cmsfiles/contents/0000382/382418/20260531tokku.csv,csv,https://www.city.osaka.lg.jp/kenko/page/0000382418.html,,,^特区民泊施設一覧,,,,,
271204_民,堺市,民泊,住宅宿泊事業法に基づく届出施設一覧,36,https://www.google.com/maps/d/u/0/edit?mid=1YOxdH5bscvyQQLpBlOP15a8-e1ED0HI&ll=34.65708550535115%2C135.5309141158515&z=14,2026/08/31,2026/09/30,https://www.city.sakai.lg.jp/kenko/kankyoeisei/taisaku/ryokankeihatu.files/R8.8.31jyuuhaku.pdf,pdf,https://www.city.sakai.lg.jp/kenko/kankyoeisei/taisaku/ryokankeihatu.html,,,住宅宿泊事業法に基づく届出施設一覧,,,,,
271204_旅,堺市,旅館業,旅館業法に基づく許可施設一覧,76,https://www.google.com/maps/d/u/0/edit?mid=1YOxdH5bscvyQQLpBlOP15a8-e1ED0HI&ll=34.65708550535115%2C135.5309141158515&z=14,2026/08/31,2026/09/30,https://www.city.sakai.lg.jp/kenko/kankyoeisei/taisaku/ryokankeihatu.files/R8.8.31ryokan.pdf,pdf,https://www.city.sakai.lg.jp/kenko/kankyoeisei/taisaku/ryokankeihatu.html,,,旅館業法に基づく許可施設一覧,,,,,
272101_民,枚方市,民泊,住宅宿泊事業届出住宅一覧,28,https://www.google.com/maps/d/u/0/edit?mid=1YOxdH5bscvyQQLpBlOP15a8-e1ED0HI&ll=34.65708550535115%2C135.5309141158515&z=14,,2026/09/30,https://www.city.hirakata.osaka.jp/cmsfiles/contents/0000025/25284/zyuhakuall.xlsx,xlsx,https://www.city.hirakata.osaka.jp/0000025284.html,,,住宅宿泊事業施設一覧,,,,,
272101_旅,枚方市,旅館業,旅館業許可施設一覧,18,https://www.google.com/maps/d/u/0/edit?mid=1YOxdH5bscvyQQLpBlOP15a8-e1ED0HI&ll=34.65708550535115%2C135.5309141158515&z=14,,2026/09/30,https://www.city.hirakata.osaka.jp/cmsfiles/contents/0000025/25284/ryokanall.xlsx,xlsx,https://www.city.hirakata.osaka.jp/0000025284.html,,,旅館業施設一覧,,,,,
272144_民,八尾市,民泊,八尾市における宿泊施設一覧(統合版),7,https://www.google.com/maps/d/u/0/edit?mid=1YOxdH5bscvyQQLpBlOP15a8-e1ED0HI&ll=34.65708550535115%2C135.5309141158515&z=14,2026/01/31,2026/09/30,https://www.city.yao.osaka.jp/_res/projects/default_project/_page_/001/008/588/20260131.pdf,pdf,https://www.city.yao.osaka.jp/kenkou_fukushi/shokuhinneisei/1008560/1008584/1008588.html,民泊・旅館業・特区民泊が1枚のPDFに統合。種別列で自動分離済み(旅館業は完全一致)。ただし住宅宿泊事業の3件はPDF内で施設名列が欠落しており未取得(要手動確認),,宿泊施設一覧,,,,,
272144_旅,八尾市,旅館業,八尾市における宿泊施設一覧(統合版),11,https://www.google.com/maps/d/u/0/edit?mid=1YOxdH5bscvyQQLpBlOP15a8-e1ED0HI&ll=34.65708550535115%2C135.5309141158515&z=14,2026/01/31,2026/09/30,https://www.city.yao.osaka.jp/_res/projects/default_project/_page_/001/008/588/20260131.pdf,pdf,https://www.city.yao.osaka.jp/kenkou_fukushi/shokuhinneisei/1008560/1008584/1008588.html,民泊・旅館業・特区民泊が1枚のPDFに統合。種別列で自動分離済み(完全一致),,宿泊施設一覧,,,,,
272160_民,寝屋川市,民泊,,,https://www.google.com/maps/d/u/0/edit?mid=1YOxdH5bscvyQQLpBlOP15a8-e1ED0HI&ll=34.65708550535115%2C135.5309141158515&z=14,,2026/09/30,,,https://www.city.neyagawa.osaka.jp/organization_list/kenkou/hokeneisei/kankyou/kankyo01/sinnpouminnpaku.html,寝屋川市は住宅宿泊事業の届出住宅を公開しておらず、データなし(確認済み・対応不要),,,,,,,
272160_旅,寝屋川市,旅館業,旅館業許可施設一覧,25,https://www.google.com/maps/d/u/0/edit?mid=1YOxdH5bscvyQQLpBlOP15a8-e1ED0HI&ll=34.65708550535115%2C135.5309141158515&z=14,,2026/09/30,https://www.city.neyagawa.osaka.jp/material/files/group/79/272159_ryokan_20260831.csv,csv,https://www.city.neyagawa.osaka.jp/organization_list/keieikikaku/johosuisinka/open_data/opendata/18213.html,,,旅館業許可施設一覧,,,,,
13000_民,東京都(多摩),民泊,,532,,2026/09/02,2026/09/30,https://www.sangyo-rodo.metro.tokyo.lg.jp/documents/d/sangyo-rodo/tokyo080902_todokedezyun,pdf,https://www.sangyo-rodo.metro.tokyo.lg.jp/application/tourism/minpaku/list,,,届出番号順,,,,,
13000_旅,東京都(多摩),旅館業,,926,,,2026/09/30,https://www.hokeniryo.metro.tokyo.lg.jp/documents/d/hokeniryo/kankyo-ryokan-1-7,csv,https://www.hokeniryo.metro.tokyo.lg.jp/kenkou/hokenjo_daicho/shokuhineigyokyokadaicho,,,kankyo-ryokan,,,,,
132012_民,八王子市,民泊,,37,,,2026/09/30,https://www.city.hachioji.tokyo.jp/kurashi/hoken/007/018/001/p022969_d/fil/jutakuichiran.pdf,pdf,https://www.city.hachioji.tokyo.jp/kurashi/hoken/007/018/001/p022969.html,,,届出のあった住宅一覧,,,,,
132012_旅,八王子市,旅館業,,,,,2026/09/30,,,https://www.city.hachioji.tokyo.jp/kurashi/hoken/007/018/002/p002807.html,一覧の公開なし(2026年9月確認),,,,,,,
132098_民,町田市,民泊,,32,,,2026/09/30,https://www.city.machida.tokyo.jp/iryo/hokenjo/kankyou/jyutaku_syukuhaku/ichiran.files/minpaku.pdf,pdf,https://www.city.machida.tokyo.jp/iryo/hokenjo/kankyou/jyutaku_syukuhaku/ichiran.html,,,届出情報一覧,,,,,
132098_旅,町田市,旅館業,,,,,2026/09/30,,,https://www.city.machida.tokyo.jp/iryo/hokenjo/kankyou/ryokan.html,一覧の公開なし(2026年9月確認),,,,,,,
14000_民,神奈川県,民泊,,522,,2026/06/30,2026/09/30,https://www.pref.kanagawa.jp/documents/26258/20260630_jyutakusyukuhakujigyou_sisetuitiran.pdf,pdf,https://www.pref.kanagawa.jp/docs/e8z/cnt/f762/p1195197.html,,,住宅宿泊事業施設一覧,,,,,
14000_旅,神奈川県,旅館業,,1741,,2026/06/30,2026/09/30,https://www.pref.kanagawa.jp/documents/26256/20260630_ryokan_yamato.pdf,pdf,https://www.pref.kanagawa.jp/docs/e8z/cnt/f762/p70574.html,,,^許可施設一覧（,,,,1,
141003_民,横浜市,民泊,,347,,2026/09/01,2026/09/30,https://www.city.yokohama.lg.jp/kurashi/sumai-kurashi/seikatsu/kaiteki/20180222105955.files/0175_20260903.pdf,pdf,https://www.city.yokohama.lg.jp/kurashi/sumai-kurashi/seikatsu/kaiteki/20180222105955.html,,,市内住宅宿泊事業届出住宅一覧,,,,,
141003_旅,横浜市,旅館業,,242,,,2026/09/30,https://www.city.yokohama.lg.jp/kurashi/sumai-kurashi/seikatsu/kaiteki/kankyodata.files/20260401ryokan.zip,zip,https://www.city.yokohama.lg.jp/kurashi/sumai-kurashi/seikatsu/kaiteki/kankyodata.html,,,^旅館業施設一覧,,^新規施設一覧,,,旅
141305_民,川崎市,民泊,,186,,,2026/09/30,https://www.city.kawasaki.jp/280/cmsfiles/contents/0000173/173594/260826.csv,csv,https://www.city.kawasaki.jp/280/page/0000173594.html,,,住宅宿泊事業施設一覧,,,,,
141305_旅,川崎市,旅館業,,114,,,2026/09/30,https://www.city.kawasaki.jp/350/cmsfiles/contents/0000120/120745/05ryokangyou202608.csv,csv,https://www.city.kawasaki.jp/350/page/0000120745.html,,,^旅館業一覧,,,,,
141500_民,相模原市,民泊,,28,,2026/07/31,2026/09/30,https://www.city.sagamihara.kanagawa.jp/_res/projects/default_project/_page_/001/013/506/minpakujigyotodokede_20260731.pdf,pdf,https://www.city.sagamihara.kanagawa.jp/kurashi/1026489/sumai/1026515/1013506.html,,,届出住宅一覧,,,,,
141500_旅,相模原市,旅館業,,112,,,2026/09/30,https://opendata.city.sagamihara.kanagawa.jp/dataset/3c170a3f-be82-429e-9e5d-b1c61ad0536b/resource/8adf46eb-87f1-4aee-a043-e927d0782a16/download/13.zip,zip,https://opendata.city.sagamihara.kanagawa.jp/dataset/ryokan,,,旅館業施設一覧,,,,,\.csv$
142018_民,横須賀市,民泊,,144,,,2026/09/30,https://data.bodik.jp/dataset/76f9d975-d773-486b-b7ad-48d046a4a696/resource/5e018d93-7a42-4aa7-9b6a-77daeca73efc/download/minpaku_202608.xlsx,xlsx,https://data.bodik.jp/dataset/142018_00_19_environmental_sanitation_facilities,,,^住宅宿泊事業一覧,,,,,
142018_旅,横須賀市,旅館業,,92,,,2026/09/30,https://data.bodik.jp/dataset/76f9d975-d773-486b-b7ad-48d046a4a696/resource/eb51e834-91cb-4aa6-b2e6-3b29cd06f432/download/ryokanngyou_202608.xlsx,xlsx,https://data.bodik.jp/dataset/142018_00_19_environmental_sanitation_facilities,,,^旅館業一覧,,,,,
142051_民,藤沢市,民泊,,99,,,2026/09/30,https://www.city.fujisawa.kanagawa.jp/documents/20160/minpakuichiran8.pdf,pdf,https://www.city.fujisawa.kanagawa.jp/seiei/kenko/kenko/kankyo/jyuutakusyukuhaku.html,,,届出施設一覧,,,,,
142051_旅,藤沢市,旅館業,,120,,,2026/09/30,https://www.city.fujisawa.kanagawa.jp/documents/9721/ryokanichiran8pdf.pdf,pdf,https://www.city.fujisawa.kanagawa.jp/seiei/kenko/kenko/kankyo/ryokan.html,,,許可を受けている施設の一覧,,,,,
142077_民,茅ヶ崎市,民泊,,50,,,2026/09/30,https://www.city.chigasaki.kanagawa.jp/_res/projects/default_project/_page_/001/041/779/minpakuall2025.csv,csv,https://www.city.chigasaki.kanagawa.jp/jyohosuishin/1045355/1041779.html,茅ヶ崎市・寒川町,,(住宅宿泊|住宅民泊)事業法.*全リスト,,(住宅宿泊|住宅民泊)事業法.*新規一覧,,,
142077_旅,茅ヶ崎市,旅館業,,20,,,2026/09/30,https://www.city.chigasaki.kanagawa.jp/_res/projects/default_project/_page_/001/041/779/ryokanall2025.csv,csv,https://www.city.chigasaki.kanagawa.jp/jyohosuishin/1045355/1041779.html,茅ヶ崎市・寒川町,,旅館業法.*全リスト,,旅館業法.*新規一覧,,,
11000_民,埼玉県,民泊,,456,,2026/08/31,2026/09/30,https://www.pref.saitama.lg.jp/documents/131642/0831minpaku.pdf,pdf,https://www.pref.saitama.lg.jp/a0806/minpaku/jutaku-shukuhaku11.html,川口市以外,,受理済届出情報一覧,,,,,
11000_旅,埼玉県,旅館業,,612,,,2026/09/30,https://www.pref.saitama.lg.jp/documents/232288/r7nenndo.zip,zip,https://www.pref.saitama.lg.jp/a0706/6hou/ichiran.html,,,時点一覧,,^令和\d+年\d+月分,,,
111007_旅,さいたま市,旅館業,,101,,,2026/09/30,https://www.city.saitama.lg.jp/002/002/011/006/p058865_d/fil/ryokanxls.pdf,pdf,https://www.city.saitama.lg.jp/002/002/011/006/p058865.html,市の公開は令和6年7月1日時点が最新,,旅館業許可施設,,,,,
112011_旅,川越市,旅館業,,1,,,2026/09/30,,,https://www.city.kawagoe.saitama.jp/kenko/shokuhin/1007121/1007195.html,市は毎月の新規許可分だけを公開しており、全体の一覧はなし(2026年9月確認),,,,,,,
112224_旅,越谷市,旅館業,,31,,,2026/09/30,https://www.city.koshigaya.saitama.jp/kurashi_shisei/fukushi/hokenjo/kankyo/files/ryokann.xls,xls,https://www.city.koshigaya.saitama.jp/kurashi_shisei/fukushi/hokenjo/kankyo/jouhouteikyou.html,,,旅館業営業施設一覧,,,,,
112038_民,川口市,民泊,,17,,2026/09/14,2026/09/30,https://www.city.kawaguchi.lg.jp/material/files/group/104/jutaku0914.pdf,pdf,https://www.city.kawaguchi.lg.jp/soshiki/01110/030/minpaku/23892.html,,,住宅宿泊事業届出一覧,,,,,
112038_旅,川口市,旅館業,,68,,,2026/09/30,https://www.city.kawaguchi.lg.jp/material/files/group/89/ryokan2025.pdf,pdf,https://www.city.kawaguchi.lg.jp/soshiki/01090/seikatueiseika/kankyo/22639.html,,,^旅館業営業許可施設一覧,,新規許可・確認施設一覧,,,
12000_民,千葉県,民泊,,1203,,2026/06/30,2026/09/30,https://www.pref.chiba.lg.jp/eishi/tetsuzuki/documents/itiran0630.pdf,pdf,https://www.pref.chiba.lg.jp/eishi/tetsuzuki/minpaku.html,,,県内届出受理施設一覧：届出日順,,,,,
12000_旅,千葉県,旅館業,,2597,,,2026/09/30,https://opendata.pref.chiba.lg.jp/resource_download/82,xlsx,https://opendata.pref.chiba.lg.jp/datasets/6,千葉県オープンデータ(千葉市・船橋市・柏市を除く)。海外からの接続を断るため、GitHubの自動更新では前回の控えを使用(年1回・3月末時点の更新),*,,,,,,
121002_旅,千葉市,旅館業,,180,,,2026/09/30,https://www.city.chiba.jp/somu/somu/seisakuhomu/shisei/documents/r8-1ryokan.xlsx,xlsx,https://www.city.chiba.jp/somu/somu/seisakuhomu/shisei/hokenjokankei.html,,,\d+年\d+月末旅館業,,\d+年\d+月新規分旅館業,,,
122041_旅,船橋市,旅館業,,82,,,2026/09/30,https://data.bodik.jp/dataset/b8545c67-0051-4b47-b73b-feffd3a79d87/resource/46780ab9-e4c9-451f-93bb-11c1808de7d4/download/ryokann2026071.csv,csv,https://data.bodik.jp/dataset/122041_20260401_seikatsueisei-eigyoushisetsu_ryokann,,,生活衛生関係営業施設一覧,,,,,
122173_旅,柏市,旅館業,,,,,2026/09/30,,,https://www.city.kashiwa.lg.jp/seikatsueisei/shiseijoho/shisei/health_hospital/shinse/kankyoese/hotel.html,一覧の公開なし(2026年9月確認),,,,,,,
08000_民,茨城県,民泊,,326,,2026/09/17,2026/09/30,https://www.pref.ibaraki.jp/hokenfukushi/seiei/kankyo/seiei/minpaku/documents/20260917todokedejyouhou.pdf,pdf,https://www.pref.ibaraki.jp/hokenfukushi/seiei/kankyo/seiei/minpaku/jyouhoukoukai.html,,,届出情報一覧,,,,,
08000_旅,茨城県,旅館業,,1110,,,2026/09/30,https://www.pref.ibaraki.jp/hokenfukushi/seiei/kankyo/seiei/envandani/ryokan/documents/260630_ryokangyou.xlsx,xlsx,https://www.pref.ibaraki.jp/hokenfukushi/seiei/kankyo/seiei/envandani/ryokan/ryokan.html,水戸市を除く,,許可施設一覧,,,,,
082015_旅,水戸市,旅館業,,95,,2026/07/02,2026/09/30,https://www.city.mito.lg.jp/uploaded/attachment/70973.xlsx,xlsx,https://www.city.mito.lg.jp/page/125448.html,,,施設一覧（旅館業）,,,,,
